{"cameraMode":{"drawMode":0,"name":"Shaded","section":"Shading Mode"},"sceneLighting":true,"audioPlay":false,"sceneViewState":{"showFog":false,"showMaterialUpdate":false,"showSkybox":false,"showFlares":false,"showImageEffects":false,"showParticleSystems":false},"in2DMode":false,"pivot":{"x":2.3307929039001467,"y":-4.229284286499023,"z":9.629115104675293},"rotation":{"x":-0.20999468863010407,"y":-0.047790784388780597,"z":0.010277390480041504,"w":-0.9764797687530518},"size":21.30866241455078,"orthographic":false}