{"cameraMode":{"drawMode":0,"name":"Shaded","section":"Shading Mode"},"sceneLighting":true,"audioPlay":false,"sceneViewState":{"showFog":false,"showMaterialUpdate":false,"showSkybox":false,"showFlares":false,"showImageEffects":false,"showParticleSystems":false},"in2DMode":false,"pivot":{"x":32.108428955078128,"y":-83.65608215332031,"z":132.9339141845703},"rotation":{"x":-0.2682337164878845,"y":-0.10752575844526291,"z":0.03014255315065384,"w":-0.9568596482276917},"size":179.7656707763672,"orthographic":false}