{"cameraMode":{"drawMode":0,"name":"Shaded","section":"Shading Mode"},"sceneLighting":true,"audioPlay":false,"sceneViewState":{"showFog":false,"showMaterialUpdate":false,"showSkybox":false,"showFlares":false,"showImageEffects":false,"showParticleSystems":false},"in2DMode":false,"pivot":{"x":63.891517639160159,"y":-75.59635162353516,"z":121.22856140136719},"rotation":{"x":-0.24638327956199647,"y":-0.21248194575309754,"z":0.05545957386493683,"w":-0.9439655542373657},"size":179.7656707763672,"orthographic":false}