{"cameraMode":{"drawMode":0,"name":"Shaded","section":"Shading Mode"},"sceneLighting":true,"audioPlay":false,"sceneViewState":{"showFog":false,"showMaterialUpdate":false,"showSkybox":false,"showFlares":false,"showImageEffects":false,"showParticleSystems":false},"in2DMode":false,"pivot":{"x":4.028738021850586,"y":-3.1720023155212404,"z":10.749866485595704},"rotation":{"x":-0.10791271179914475,"y":-0.06050815060734749,"z":0.006580429617315531,"w":-0.992295503616333},"size":17.964679718017579,"orthographic":false}