{"cameraMode":{"drawMode":0,"name":"Shaded","section":"Shading Mode"},"sceneLighting":true,"audioPlay":false,"sceneViewState":{"showFog":false,"showMaterialUpdate":false,"showSkybox":false,"showFlares":false,"showImageEffects":false,"showParticleSystems":false},"in2DMode":false,"pivot":{"x":0.0495455265045166,"y":-6.172006130218506,"z":8.799278259277344},"rotation":{"x":-0.26840895414352419,"y":0.023692289367318155,"z":-0.006603359244763851,"w":-0.9629910588264465},"size":21.30866241455078,"orthographic":false}