{"cameraMode":{"drawMode":0,"name":"Shaded","section":"Shading Mode"},"sceneLighting":true,"audioPlay":false,"sceneViewState":{"showFog":false,"showMaterialUpdate":false,"showSkybox":false,"showFlares":false,"showImageEffects":false,"showParticleSystems":false},"in2DMode":false,"pivot":{"x":56.59574890136719,"y":-42.41751480102539,"z":152.88832092285157},"rotation":{"x":-0.12274862080812454,"y":-0.1653280109167099,"z":0.02074280008673668,"w":-0.9783502221107483},"size":179.7656707763672,"orthographic":false}