{"cameraMode":{"drawMode":0,"name":"Shaded","section":"Shading Mode"},"sceneLighting":true,"audioPlay":false,"sceneViewState":{"showFog":false,"showMaterialUpdate":false,"showSkybox":false,"showFlares":false,"showImageEffects":false,"showParticleSystems":false},"in2DMode":false,"pivot":{"x":1.5974068641662598,"y":-2.669358491897583,"z":14.73846435546875},"rotation":{"x":-0.10358405858278275,"y":-0.03222242370247841,"z":0.0033576954156160356,"w":-0.9940930008888245},"size":21.30866241455078,"orthographic":false}