{"cameraMode":{"drawMode":0,"name":"Shaded","section":"Shading Mode"},"sceneLighting":true,"audioPlay":false,"sceneViewState":{"showFog":false,"showMaterialUpdate":false,"showSkybox":false,"showFlares":false,"showImageEffects":false,"showParticleSystems":false},"in2DMode":false,"pivot":{"x":-4.890558242797852,"y":-1.1183499097824097,"z":1.0882439613342286},"rotation":{"x":-0.13258640468120576,"y":0.45972368121147158,"z":-0.06963316351175308,"w":-0.8753435015678406},"size":21.30866241455078,"orthographic":false}